{"cameraMode":{"drawMode":0,"name":"Shaded","section":"Shading Mode"},"sceneLighting":true,"audioPlay":false,"sceneViewState":{"showFog":false,"showMaterialUpdate":false,"showSkybox":false,"showFlares":false,"showImageEffects":false,"showParticleSystems":false,"showVisualEffectGraphs":true,"m_FxEnabled":true},"in2DMode":false,"pivot":{"x":0.25652599334716799,"y":2.765298366546631,"z":0.38417625427246096},"rotation":{"x":0.15681353211402894,"y":0.06512795388698578,"z":-0.010363832116127015,"w":0.9854263663291931},"size":16.070789337158204,"orthographic":false}